hostname,socks5_hostname,socks5_endpoint,city,country,provider,ipv4,ipv6
al-tia-wg-003,al-tia-wg-socks5-003,al-tia-wg-socks5-003.relays.mullvad.net:1080,Tirana,Albania,iRegister,103.124.165.130,2a04:27c0:0:c::f001
al-tia-wg-004,al-tia-wg-socks5-004,al-tia-wg-socks5-004.relays.mullvad.net:1080,Tirana,Albania,iRegister,103.124.165.191,2a04:27c0:0:d::f001
ar-bue-wg-001,ar-bue-wg-socks5-001,ar-bue-wg-socks5-001.relays.mullvad.net:1080,Buenos Aires,Argentina,DataPacket,149.22.83.2,2a02:6ea0:f002:1::f001
ar-bue-wg-002,ar-bue-wg-socks5-002,ar-bue-wg-socks5-002.relays.mullvad.net:1080,Buenos Aires,Argentina,DataPacket,149.22.83.31,2a02:6ea0:f002:2::f001
au-adl-wg-302,au-adl-wg-socks5-302,au-adl-wg-socks5-302.relays.mullvad.net:1080,Adelaide,Australia,hostuniversal,103.214.20.130,2404:f780:0:dec::c2f
au-bne-wg-301,au-bne-wg-socks5-301,au-bne-wg-socks5-301.relays.mullvad.net:1080,Brisbane,Australia,hostuniversal,103.216.220.18,2404:f780:4:deb::f001
au-bne-wg-302,au-bne-wg-socks5-302,au-bne-wg-socks5-302.relays.mullvad.net:1080,Brisbane,Australia,hostuniversal,103.216.220.34,2404:f780:4:dec::a02f
au-mel-wg-302,au-mel-wg-socks5-302,au-mel-wg-socks5-302.relays.mullvad.net:1080,Melbourne,Australia,hostuniversal,103.108.229.66,2406:d501:f:dec::a02f
au-per-wg-301,au-per-wg-socks5-301,au-per-wg-socks5-301.relays.mullvad.net:1080,Perth,Australia,hostuniversal,103.108.231.50,2404:f780:8:deb::a01f
au-per-wg-302,au-per-wg-socks5-302,au-per-wg-socks5-302.relays.mullvad.net:1080,Perth,Australia,hostuniversal,103.108.231.66,2404:f780:8:dec::f001
au-syd-wg-001,au-syd-wg-socks5-001,au-syd-wg-socks5-001.relays.mullvad.net:1080,Sydney,Australia,M247,146.70.200.2,2001:ac8:84:5::f001
au-syd-wg-002,au-syd-wg-socks5-002,au-syd-wg-socks5-002.relays.mullvad.net:1080,Sydney,Australia,M247,146.70.141.194,2001:ac8:84:6::2f
au-syd-wg-003,au-syd-wg-socks5-003,au-syd-wg-socks5-003.relays.mullvad.net:1080,Sydney,Australia,M247,146.70.200.194,2001:ac8:84:4::3f
au-syd-wg-101,au-syd-wg-socks5-101,au-syd-wg-socks5-101.relays.mullvad.net:1080,Sydney,Australia,xtom,103.136.147.3,2a11:3:500::f001
au-syd-wg-102,au-syd-wg-socks5-102,au-syd-wg-socks5-102.relays.mullvad.net:1080,Sydney,Australia,xtom,103.136.147.65,2a11:3:500::f101
au-syd-wg-103,au-syd-wg-socks5-103,au-syd-wg-socks5-103.relays.mullvad.net:1080,Sydney,Australia,xtom,103.136.147.129,2a11:3:500::f201
au-syd-wg-104,au-syd-wg-socks5-104,au-syd-wg-socks5-104.relays.mullvad.net:1080,Sydney,Australia,xtom,103.136.147.197,2a11:3:500::f301
au-syd-wg-301,au-syd-wg-socks5-301,au-syd-wg-socks5-301.relays.mullvad.net:1080,Sydney,Australia,HostRoyale,103.120.6.2,2a06:3040:18:210::f001
au-syd-wg-302,au-syd-wg-socks5-302,au-syd-wg-socks5-302.relays.mullvad.net:1080,Sydney,Australia,HostRoyale,103.120.6.127,2a06:3040:18:210::f101
au-syd-wg-303,au-syd-wg-socks5-303,au-syd-wg-socks5-303.relays.mullvad.net:1080,Sydney,Australia,HostRoyale,103.141.60.2,2a06:3040:18:210::f201
au-syd-wg-304,au-syd-wg-socks5-304,au-syd-wg-socks5-304.relays.mullvad.net:1080,Sydney,Australia,HostRoyale,103.141.60.127,2a06:3040:18:210::f301
at-vie-wg-001,at-vie-wg-socks5-001,at-vie-wg-socks5-001.relays.mullvad.net:1080,Vienna,Austria,M247,146.70.116.98,2001:ac8:29:84::a01f
at-vie-wg-002,at-vie-wg-socks5-002,at-vie-wg-socks5-002.relays.mullvad.net:1080,Vienna,Austria,M247,146.70.116.130,2001:ac8:29:85::a02f
at-vie-wg-003,at-vie-wg-socks5-003,at-vie-wg-socks5-003.relays.mullvad.net:1080,Vienna,Austria,M247,146.70.116.162,2001:ac8:29:86::a03f
at-vie-wg-101,at-vie-wg-socks5-101,at-vie-wg-socks5-101.relays.mullvad.net:1080,Vienna,Austria,DataPacket,185.24.11.130,2a02:6ea0:cb1b:1::f001
at-vie-wg-102,at-vie-wg-socks5-102,at-vie-wg-socks5-102.relays.mullvad.net:1080,Vienna,Austria,DataPacket,185.24.11.159,2a02:6ea0:cb1b:2::f001
be-bru-wg-101,be-bru-wg-socks5-101,be-bru-wg-socks5-101.relays.mullvad.net:1080,Brussels,Belgium,M247,91.90.123.2,2001:ac8:27:88::a01f
be-bru-wg-102,be-bru-wg-socks5-102,be-bru-wg-socks5-102.relays.mullvad.net:1080,Brussels,Belgium,M247,194.110.115.34,2001:ac8:27:89::a02f
be-bru-wg-103,be-bru-wg-socks5-103,be-bru-wg-socks5-103.relays.mullvad.net:1080,Brussels,Belgium,M247,194.110.115.2,2001:ac8:27:92::a03f
br-for-wg-001,br-for-wg-socks5-001,br-for-wg-socks5-001.relays.mullvad.net:1080,Fortaleza,Brazil,Zenlayer,98.98.12.178,2604:980:e007:100::f001
br-for-wg-002,br-for-wg-socks5-002,br-for-wg-socks5-002.relays.mullvad.net:1080,Fortaleza,Brazil,Zenlayer,98.98.12.182,2604:980:e007:100::f101
br-sao-wg-201,br-sao-wg-socks5-201,br-sao-wg-socks5-201.relays.mullvad.net:1080,Sao Paulo,Brazil,DataPacket,169.150.198.66,2a02:6ea0:d00e:1::a01f
br-sao-wg-202,br-sao-wg-socks5-202,br-sao-wg-socks5-202.relays.mullvad.net:1080,Sao Paulo,Brazil,DataPacket,169.150.198.79,2a02:6ea0:d00e:2::a02f
br-sao-wg-302,br-sao-wg-socks5-302,br-sao-wg-socks5-302.relays.mullvad.net:1080,Sao Paulo,Brazil,HostRoyale,103.139.178.63,2a06:3040:10:610::f101
br-sao-wg-303,br-sao-wg-socks5-303,br-sao-wg-socks5-303.relays.mullvad.net:1080,Sao Paulo,Brazil,HostRoyale,103.139.178.123,2a06:3040:10:610::f201
br-sao-wg-304,br-sao-wg-socks5-304,br-sao-wg-socks5-304.relays.mullvad.net:1080,Sao Paulo,Brazil,HostRoyale,103.139.178.183,2a06:3040:10:610::f301
bg-sof-wg-001,bg-sof-wg-socks5-001,bg-sof-wg-socks5-001.relays.mullvad.net:1080,Sofia,Bulgaria,M247,146.70.188.130,2001:ac8:30:56::f001
bg-sof-wg-002,bg-sof-wg-socks5-002,bg-sof-wg-socks5-002.relays.mullvad.net:1080,Sofia,Bulgaria,M247,146.70.188.194,2001:ac8:30:57::f001
ca-yyc-wg-201,ca-yyc-wg-socks5-201,ca-yyc-wg-socks5-201.relays.mullvad.net:1080,Calgary,Canada,techfutures,38.240.225.36,2606:9580:438:32::b01f
ca-yyc-wg-202,ca-yyc-wg-socks5-202,ca-yyc-wg-socks5-202.relays.mullvad.net:1080,Calgary,Canada,techfutures,38.240.225.68,2606:9580:438:64::b02f
ca-mtr-wg-001,ca-mtr-wg-socks5-001,ca-mtr-wg-socks5-001.relays.mullvad.net:1080,Montreal,Canada,M247,146.70.198.66,2a0d:5600:9:c::f001
ca-mtr-wg-002,ca-mtr-wg-socks5-002,ca-mtr-wg-socks5-002.relays.mullvad.net:1080,Montreal,Canada,M247,146.70.198.130,2a0d:5600:9:d::f001
ca-mtr-wg-003,ca-mtr-wg-socks5-003,ca-mtr-wg-socks5-003.relays.mullvad.net:1080,Montreal,Canada,M247,146.70.198.194,2a0d:5600:9:e::a02f
ca-mtr-wg-004,ca-mtr-wg-socks5-004,ca-mtr-wg-socks5-004.relays.mullvad.net:1080,Montreal,Canada,M247,188.241.176.194,2a0d:5600:9:16::f001
ca-mtr-wg-201,ca-mtr-wg-socks5-201,ca-mtr-wg-socks5-201.relays.mullvad.net:1080,Montreal,Canada,DataPacket,62.93.167.130,2a02:6ea0:a03:2::f001
ca-mtr-wg-202,ca-mtr-wg-socks5-202,ca-mtr-wg-socks5-202.relays.mullvad.net:1080,Montreal,Canada,DataPacket,62.93.167.160,2a02:6ea0:a03::f001
ca-tor-wg-001,ca-tor-wg-socks5-001,ca-tor-wg-socks5-001.relays.mullvad.net:1080,Toronto,Canada,DataPacket,178.249.214.2,2a02:6ea0:de08:1::f001
ca-tor-wg-002,ca-tor-wg-socks5-002,ca-tor-wg-socks5-002.relays.mullvad.net:1080,Toronto,Canada,DataPacket,178.249.214.15,2a02:6ea0:de08:2::a29f
ca-tor-wg-201,ca-tor-wg-socks5-201,ca-tor-wg-socks5-201.relays.mullvad.net:1080,Toronto,Canada,Tzulo,23.234.84.2,2607:9000:600:31::f001
ca-tor-wg-202,ca-tor-wg-socks5-202,ca-tor-wg-socks5-202.relays.mullvad.net:1080,Toronto,Canada,Tzulo,23.234.84.127,2607:9000:600:32::f001
ca-tor-wg-203,ca-tor-wg-socks5-203,ca-tor-wg-socks5-203.relays.mullvad.net:1080,Toronto,Canada,Tzulo,23.234.85.2,2607:9000:600:33::f001
ca-tor-wg-204,ca-tor-wg-socks5-204,ca-tor-wg-socks5-204.relays.mullvad.net:1080,Toronto,Canada,Tzulo,23.234.85.127,2607:9000:600:34::f001
ca-tor-wg-205,ca-tor-wg-socks5-205,ca-tor-wg-socks5-205.relays.mullvad.net:1080,Toronto,Canada,Tzulo,23.234.86.2,2607:9000:600:35::f001
ca-tor-wg-206,ca-tor-wg-socks5-206,ca-tor-wg-socks5-206.relays.mullvad.net:1080,Toronto,Canada,Tzulo,23.234.86.127,2607:9000:600:36::f001
ca-tor-wg-207,ca-tor-wg-socks5-207,ca-tor-wg-socks5-207.relays.mullvad.net:1080,Toronto,Canada,Tzulo,23.234.87.2,2607:9000:600:37::f001
ca-van-wg-201,ca-van-wg-socks5-201,ca-van-wg-socks5-201.relays.mullvad.net:1080,Vancouver,Canada,techfutures,104.193.135.196,2606:9580:103:e::f001
ca-van-wg-202,ca-van-wg-socks5-202,ca-van-wg-socks5-202.relays.mullvad.net:1080,Vancouver,Canada,techfutures,104.193.135.100,2606:9580:103:f::f001
ca-van-wg-301,ca-van-wg-socks5-301,ca-van-wg-socks5-301.relays.mullvad.net:1080,Vancouver,Canada,DataPacket,149.22.81.194,2a02:6ea0:5100:1::f001
ca-van-wg-302,ca-van-wg-socks5-302,ca-van-wg-socks5-302.relays.mullvad.net:1080,Vancouver,Canada,DataPacket,149.22.81.207,2a02:6ea0:5100:2::f001
cl-scl-wg-001,cl-scl-wg-socks5-001,cl-scl-wg-socks5-001.relays.mullvad.net:1080,Santiago,Chile,DataPacket,149.88.104.2,2a02:6ea0:fc02:2::f001
cl-scl-wg-002,cl-scl-wg-socks5-002,cl-scl-wg-socks5-002.relays.mullvad.net:1080,Santiago,Chile,DataPacket,149.88.104.15,2a02:6ea0:fc02:3::f101
co-bog-wg-001,co-bog-wg-socks5-001,co-bog-wg-socks5-001.relays.mullvad.net:1080,Bogota,Colombia,DataPacket,154.47.16.34,2a02:6ea0:f101:1::f001
co-bog-wg-002,co-bog-wg-socks5-002,co-bog-wg-socks5-002.relays.mullvad.net:1080,Bogota,Colombia,DataPacket,154.47.16.47,2a02:6ea0:f101:2::f001
hr-zag-wg-001,hr-zag-wg-socks5-001,hr-zag-wg-socks5-001.relays.mullvad.net:1080,Zagreb,Croatia,DataPacket,154.47.29.2,2a02:6ea0:f401:1::a01f
hr-zag-wg-002,hr-zag-wg-socks5-002,hr-zag-wg-socks5-002.relays.mullvad.net:1080,Zagreb,Croatia,DataPacket,154.47.29.15,2a02:6ea0:f401:2::a01f
cy-nic-wg-001,cy-nic-wg-socks5-001,cy-nic-wg-socks5-001.relays.mullvad.net:1080,Nicosia,Cyprus,HostRoyale,195.47.194.131,2a06:3040:f:601::f001
cy-nic-wg-002,cy-nic-wg-socks5-002,cy-nic-wg-socks5-002.relays.mullvad.net:1080,Nicosia,Cyprus,HostRoyale,195.47.194.161,2a06:3040:f:601::f101
cz-prg-wg-102,cz-prg-wg-socks5-102,cz-prg-wg-socks5-102.relays.mullvad.net:1080,Prague,Czech Republic,M247,146.70.129.130,2001:ac8:33:d::a02f
cz-prg-wg-201,cz-prg-wg-socks5-201,cz-prg-wg-socks5-201.relays.mullvad.net:1080,Prague,Czech Republic,DataPacket,178.249.209.162,2a02:6ea0:c201:1::f001
cz-prg-wg-202,cz-prg-wg-socks5-202,cz-prg-wg-socks5-202.relays.mullvad.net:1080,Prague,Czech Republic,DataPacket,178.249.209.175,2a02:6ea0:c201:1::f101
dk-cph-wg-401,dk-cph-wg-socks5-401,dk-cph-wg-socks5-401.relays.mullvad.net:1080,Copenhagen,Denmark,M247,146.70.197.194,2001:ac8:37:97::f001
dk-cph-wg-402,dk-cph-wg-socks5-402,dk-cph-wg-socks5-402.relays.mullvad.net:1080,Copenhagen,Denmark,M247,146.70.197.130,2001:ac8:37:96::f001
ee-tll-wg-001,ee-tll-wg-socks5-001,ee-tll-wg-socks5-001.relays.mullvad.net:1080,Tallinn,Estonia,xtom,194.127.167.67,2a07:d880:2::a01f
ee-tll-wg-002,ee-tll-wg-socks5-002,ee-tll-wg-socks5-002.relays.mullvad.net:1080,Tallinn,Estonia,xtom,194.127.167.87,2a07:d880:2::a02f
ee-tll-wg-003,ee-tll-wg-socks5-003,ee-tll-wg-socks5-003.relays.mullvad.net:1080,Tallinn,Estonia,xtom,194.127.167.107,2a07:d880:2::a03f
fr-bod-wg-001,fr-bod-wg-socks5-001,fr-bod-wg-socks5-001.relays.mullvad.net:1080,Bordeaux,France,HostRoyale,45.134.79.67,2a06:3040:4:610::f001
fr-bod-wg-002,fr-bod-wg-socks5-002,fr-bod-wg-socks5-002.relays.mullvad.net:1080,Bordeaux,France,HostRoyale,45.134.79.97,2a06:3040:4:610::f101
fr-mrs-wg-001,fr-mrs-wg-socks5-001,fr-mrs-wg-socks5-001.relays.mullvad.net:1080,Marseille,France,DataPacket,138.199.15.162,2a02:6ea0:dc05::a15f
fr-mrs-wg-002,fr-mrs-wg-socks5-002,fr-mrs-wg-socks5-002.relays.mullvad.net:1080,Marseille,France,DataPacket,138.199.15.146,2a02:6ea0:dc06::a16f
fr-par-wg-101,fr-par-wg-socks5-101,fr-par-wg-socks5-101.relays.mullvad.net:1080,Paris,France,M247,146.70.184.2,2001:ac8:25:3a::f001
fr-par-wg-102,fr-par-wg-socks5-102,fr-par-wg-socks5-102.relays.mullvad.net:1080,Paris,France,M247,146.70.184.66,2001:ac8:25:3b::f001
fr-par-wg-301,fr-par-wg-socks5-301,fr-par-wg-socks5-301.relays.mullvad.net:1080,Paris,France,DataPacket,95.173.222.2,2a02:6ea0:1901:2::f001
fr-par-wg-302,fr-par-wg-socks5-302,fr-par-wg-socks5-302.relays.mullvad.net:1080,Paris,France,DataPacket,95.173.222.31,2a02:6ea0:1901:3::f001
de-dus-wg-001,de-dus-wg-socks5-001,de-dus-wg-socks5-001.relays.mullvad.net:1080,Dusseldorf,Germany,xtom,185.254.75.3,2a03:d9c0:3000::a20f
de-dus-wg-002,de-dus-wg-socks5-002,de-dus-wg-socks5-002.relays.mullvad.net:1080,Dusseldorf,Germany,xtom,185.254.75.4,2a03:d9c0:3000::a21f
de-dus-wg-003,de-dus-wg-socks5-003,de-dus-wg-socks5-003.relays.mullvad.net:1080,Dusseldorf,Germany,xtom,185.254.75.5,2a03:d9c0:3000::a22f
de-fra-wg-101,de-fra-wg-socks5-101,de-fra-wg-socks5-101.relays.mullvad.net:1080,Frankfurt,Germany,M247,146.70.117.162,2001:ac8:20:274::a99f
de-fra-wg-102,de-fra-wg-socks5-102,de-fra-wg-socks5-102.relays.mullvad.net:1080,Frankfurt,Germany,M247,146.70.117.194,2001:ac8:20:275::f001
de-fra-wg-103,de-fra-wg-socks5-103,de-fra-wg-socks5-103.relays.mullvad.net:1080,Frankfurt,Germany,M247,146.70.117.226,2001:ac8:20:276::f001
de-fra-wg-104,de-fra-wg-socks5-104,de-fra-wg-socks5-104.relays.mullvad.net:1080,Frankfurt,Germany,M247,146.70.107.194,2001:ac8:20:277::f001
de-fra-wg-105,de-fra-wg-socks5-105,de-fra-wg-socks5-105.relays.mullvad.net:1080,Frankfurt,Germany,M247,146.70.117.2,2001:ac8:20:269::f001
de-fra-wg-106,de-fra-wg-socks5-106,de-fra-wg-socks5-106.relays.mullvad.net:1080,Frankfurt,Germany,M247,146.70.117.34,2001:ac8:20:270::f001
de-fra-wg-301,de-fra-wg-socks5-301,de-fra-wg-socks5-301.relays.mullvad.net:1080,Frankfurt,Germany,xtom,194.36.25.3,2a07:fe00:1::a23f
de-fra-wg-302,de-fra-wg-socks5-302,de-fra-wg-socks5-302.relays.mullvad.net:1080,Frankfurt,Germany,xtom,194.36.25.18,2a07:fe00:1::a24f
de-fra-wg-303,de-fra-wg-socks5-303,de-fra-wg-socks5-303.relays.mullvad.net:1080,Frankfurt,Germany,xtom,194.36.25.33,2a07:fe00:1::a25f
de-fra-wg-304,de-fra-wg-socks5-304,de-fra-wg-socks5-304.relays.mullvad.net:1080,Frankfurt,Germany,xtom,194.36.25.48,2a07:fe00:1::a26f
de-fra-wg-401,de-fra-wg-socks5-401,de-fra-wg-socks5-401.relays.mullvad.net:1080,Frankfurt,Germany,DataPacket,169.150.201.2,2a02:6ea0:c762:1::a35f
de-fra-wg-402,de-fra-wg-socks5-402,de-fra-wg-socks5-402.relays.mullvad.net:1080,Frankfurt,Germany,DataPacket,169.150.201.15,2a02:6ea0:c762:2::a36f
de-fra-wg-403,de-fra-wg-socks5-403,de-fra-wg-socks5-403.relays.mullvad.net:1080,Frankfurt,Germany,DataPacket,169.150.201.28,2a02:6ea0:c762:3::a37f
gr-ath-wg-101,gr-ath-wg-socks5-101,gr-ath-wg-socks5-101.relays.mullvad.net:1080,Athens,Greece,DataPacket,149.102.246.2,2a02:6ea0:f501:2::f001
gr-ath-wg-102,gr-ath-wg-socks5-102,gr-ath-wg-socks5-102.relays.mullvad.net:1080,Athens,Greece,DataPacket,149.102.246.15,2a02:6ea0:f501:3::f001
hk-hkg-wg-201,hk-hkg-wg-socks5-201,hk-hkg-wg-socks5-201.relays.mullvad.net:1080,Hong Kong,Hong Kong,xtom,103.125.233.18,2403:2c81:1000::a06f
hk-hkg-wg-301,hk-hkg-wg-socks5-301,hk-hkg-wg-socks5-301.relays.mullvad.net:1080,Hong Kong,Hong Kong,M247,146.70.224.2,2001:ac8:a:f::f001
hk-hkg-wg-302,hk-hkg-wg-socks5-302,hk-hkg-wg-socks5-302.relays.mullvad.net:1080,Hong Kong,Hong Kong,M247,146.70.224.66,2001:ac8:a:19::f001
hk-hkg-wg-303,hk-hkg-wg-socks5-303,hk-hkg-wg-socks5-303.relays.mullvad.net:1080,Hong Kong,Hong Kong,M247,146.70.224.196,2001:ac8:a:1b::f001
hu-bud-wg-101,hu-bud-wg-socks5-101,hu-bud-wg-socks5-101.relays.mullvad.net:1080,Budapest,Hungary,M247,146.70.196.194,2001:ac8:26:55::f001
hu-bud-wg-102,hu-bud-wg-socks5-102,hu-bud-wg-socks5-102.relays.mullvad.net:1080,Budapest,Hungary,M247,146.70.196.130,2001:ac8:26:54::f001
hu-bud-wg-201,hu-bud-wg-socks5-201,hu-bud-wg-socks5-201.relays.mullvad.net:1080,Budapest,Hungary,DataPacket,79.127.182.130,2a02:6ea0:5700:1::f001
hu-bud-wg-202,hu-bud-wg-socks5-202,hu-bud-wg-socks5-202.relays.mullvad.net:1080,Budapest,Hungary,DataPacket,79.127.182.160,2a02:6ea0:5700:2::f001
id-jpu-wg-001,id-jpu-wg-socks5-001,id-jpu-wg-socks5-001.relays.mullvad.net:1080,Jakarta,Indonesia,Zenlayer,129.227.46.130,2602:ffe4:c0d:801d::f001
id-jpu-wg-002,id-jpu-wg-socks5-002,id-jpu-wg-socks5-002.relays.mullvad.net:1080,Jakarta,Indonesia,Zenlayer,129.227.46.162,2602:ffe4:c0d:801e::f101
ie-dub-wg-101,ie-dub-wg-socks5-101,ie-dub-wg-socks5-101.relays.mullvad.net:1080,Dublin,Ireland,M247,146.70.189.2,2001:ac8:88:84::a01f
ie-dub-wg-102,ie-dub-wg-socks5-102,ie-dub-wg-socks5-102.relays.mullvad.net:1080,Dublin,Ireland,M247,146.70.189.66,2001:ac8:88:85::f001
il-tlv-wg-101,il-tlv-wg-socks5-101,il-tlv-wg-socks5-101.relays.mullvad.net:1080,Tel Aviv,Israel,DataPacket,169.150.227.197,2a02:6ea0:3b00:1::a01f
il-tlv-wg-102,il-tlv-wg-socks5-102,il-tlv-wg-socks5-102.relays.mullvad.net:1080,Tel Aviv,Israel,DataPacket,169.150.227.210,2a02:6ea0:3b00:2::a02f
il-tlv-wg-103,il-tlv-wg-socks5-103,il-tlv-wg-socks5-103.relays.mullvad.net:1080,Tel Aviv,Israel,DataPacket,169.150.227.222,2a02:6ea0:3b00:3::a03f
it-mil-wg-001,it-mil-wg-socks5-001,it-mil-wg-socks5-001.relays.mullvad.net:1080,Milan,Italy,DataPacket,178.249.211.66,2a02:6ea0:d509:1::a09f
it-mil-wg-002,it-mil-wg-socks5-002,it-mil-wg-socks5-002.relays.mullvad.net:1080,Milan,Italy,DataPacket,178.249.211.79,2a02:6ea0:d509:2::a10f
it-mil-wg-003,it-mil-wg-socks5-003,it-mil-wg-socks5-003.relays.mullvad.net:1080,Milan,Italy,DataPacket,178.249.211.92,2a02:6ea0:d509:3::a11f
it-mil-wg-201,it-mil-wg-socks5-201,it-mil-wg-socks5-201.relays.mullvad.net:1080,Milan,Italy,M247,146.70.225.2,2001:ac8:24:17::f001
it-mil-wg-202,it-mil-wg-socks5-202,it-mil-wg-socks5-202.relays.mullvad.net:1080,Milan,Italy,M247,146.70.225.66,2001:ac8:24:18::f001
it-pmo-wg-001,it-pmo-wg-socks5-001,it-pmo-wg-socks5-001.relays.mullvad.net:1080,Palermo,Italy,DataPacket,149.22.91.66,2a02:6ea0:4f00::f001
it-pmo-wg-002,it-pmo-wg-socks5-002,it-pmo-wg-socks5-002.relays.mullvad.net:1080,Palermo,Italy,DataPacket,149.22.91.79,2a02:6ea0:4f00::f101
jp-osa-wg-001,jp-osa-wg-socks5-001,jp-osa-wg-socks5-001.relays.mullvad.net:1080,Osaka,Japan,xtom,194.114.136.3,2403:fbc0:7000::f001
jp-osa-wg-002,jp-osa-wg-socks5-002,jp-osa-wg-socks5-002.relays.mullvad.net:1080,Osaka,Japan,xtom,194.114.136.34,2403:fbc0:7000::f101
jp-osa-wg-003,jp-osa-wg-socks5-003,jp-osa-wg-socks5-003.relays.mullvad.net:1080,Osaka,Japan,xtom,194.114.136.65,2403:fbc0:7000::f201
jp-osa-wg-004,jp-osa-wg-socks5-004,jp-osa-wg-socks5-004.relays.mullvad.net:1080,Osaka,Japan,xtom,194.114.136.96,2403:fbc0:7000::f301
jp-tyo-wg-001,jp-tyo-wg-socks5-001,jp-tyo-wg-socks5-001.relays.mullvad.net:1080,Tokyo,Japan,DataPacket,138.199.21.239,2a02:6ea0:d31c::a15f
jp-tyo-wg-002,jp-tyo-wg-socks5-002,jp-tyo-wg-socks5-002.relays.mullvad.net:1080,Tokyo,Japan,DataPacket,138.199.21.226,2a02:6ea0:d31b::a14f
jp-tyo-wg-201,jp-tyo-wg-socks5-201,jp-tyo-wg-socks5-201.relays.mullvad.net:1080,Tokyo,Japan,M247,146.70.138.194,2001:ac8:40:11::b01f
jp-tyo-wg-203,jp-tyo-wg-socks5-203,jp-tyo-wg-socks5-203.relays.mullvad.net:1080,Tokyo,Japan,M247,146.70.201.66,2001:ac8:40:14::b03f
my-kul-wg-001,my-kul-wg-socks5-001,my-kul-wg-socks5-001.relays.mullvad.net:1080,Kuala Lumpur,Malaysia,Zenlayer,98.98.47.130,2602:ffe4:c20:112::f001
my-kul-wg-002,my-kul-wg-socks5-002,my-kul-wg-socks5-002.relays.mullvad.net:1080,Kuala Lumpur,Malaysia,Zenlayer,162.128.129.98,2602:ffe4:c20:112::f101
mx-qro-wg-001,mx-qro-wg-socks5-001,mx-qro-wg-socks5-001.relays.mullvad.net:1080,Queretaro,Mexico,DataPacket,149.88.22.129,2a02:6ea0:f803::f001
mx-qro-wg-002,mx-qro-wg-socks5-002,mx-qro-wg-socks5-002.relays.mullvad.net:1080,Queretaro,Mexico,DataPacket,149.88.22.142,2a02:6ea0:f803:1::f001
mx-qro-wg-003,mx-qro-wg-socks5-003,mx-qro-wg-socks5-003.relays.mullvad.net:1080,Queretaro,Mexico,DataPacket,149.88.22.155,2a02:6ea0:f803:2::f001
mx-qro-wg-004,mx-qro-wg-socks5-004,mx-qro-wg-socks5-004.relays.mullvad.net:1080,Queretaro,Mexico,DataPacket,149.88.22.168,2a02:6ea0:f803:3::f001
nl-ams-wg-101,nl-ams-wg-socks5-101,nl-ams-wg-socks5-101.relays.mullvad.net:1080,Amsterdam,Netherlands,xtom,92.60.40.194,2a0c:59c0:18::a20f
nl-ams-wg-102,nl-ams-wg-socks5-102,nl-ams-wg-socks5-102.relays.mullvad.net:1080,Amsterdam,Netherlands,xtom,92.60.40.209,2a0c:59c0:18::a21f
nl-ams-wg-103,nl-ams-wg-socks5-103,nl-ams-wg-socks5-103.relays.mullvad.net:1080,Amsterdam,Netherlands,xtom,92.60.40.224,2a0c:59c0:18::a22f
nl-ams-wg-201,nl-ams-wg-socks5-201,nl-ams-wg-socks5-201.relays.mullvad.net:1080,Amsterdam,Netherlands,DataPacket,169.150.196.2,2a02:6ea0:c034:1::a30f
nl-ams-wg-202,nl-ams-wg-socks5-202,nl-ams-wg-socks5-202.relays.mullvad.net:1080,Amsterdam,Netherlands,DataPacket,169.150.196.15,2a02:6ea0:c034:2::a31f
nl-ams-wg-203,nl-ams-wg-socks5-203,nl-ams-wg-socks5-203.relays.mullvad.net:1080,Amsterdam,Netherlands,DataPacket,169.150.196.28,2a02:6ea0:c034:3::a32f
nz-akl-wg-301,nz-akl-wg-socks5-301,nz-akl-wg-socks5-301.relays.mullvad.net:1080,Auckland,New Zealand,hostuniversal,103.75.11.50,2404:f780:5:deb::f001
nz-akl-wg-302,nz-akl-wg-socks5-302,nz-akl-wg-socks5-302.relays.mullvad.net:1080,Auckland,New Zealand,hostuniversal,103.75.11.66,2404:f780:5:dec::c02f
ng-los-wg-001,ng-los-wg-socks5-001,ng-los-wg-socks5-001.relays.mullvad.net:1080,Lagos,Nigeria,DataPacket,79.127.149.130,2a02:6ea0:5400:1::f001
ng-los-wg-002,ng-los-wg-socks5-002,ng-los-wg-socks5-002.relays.mullvad.net:1080,Lagos,Nigeria,DataPacket,79.127.149.159,2a02:6ea0:5400:2::f001
pe-lim-wg-001,pe-lim-wg-socks5-001,pe-lim-wg-socks5-001.relays.mullvad.net:1080,Lima,Peru,DataPacket,95.173.223.130,2a02:6ea0:5500:1::f001
pe-lim-wg-002,pe-lim-wg-socks5-002,pe-lim-wg-socks5-002.relays.mullvad.net:1080,Lima,Peru,DataPacket,95.173.223.159,2a02:6ea0:5500:2::f001
ph-mnl-wg-001,ph-mnl-wg-socks5-001,ph-mnl-wg-socks5-001.relays.mullvad.net:1080,Manila,Philippines,Zenlayer,129.227.118.162,2602:ffe4:c06:11e::f001
ph-mnl-wg-002,ph-mnl-wg-socks5-002,ph-mnl-wg-socks5-002.relays.mullvad.net:1080,Manila,Philippines,Zenlayer,156.59.127.194,2602:ffe4:c06:11e::f101
pl-waw-wg-101,pl-waw-wg-socks5-101,pl-waw-wg-socks5-101.relays.mullvad.net:1080,Warsaw,Poland,DataPacket,45.134.212.66,2a02:6ea0:ce08:1::f001
pl-waw-wg-102,pl-waw-wg-socks5-102,pl-waw-wg-socks5-102.relays.mullvad.net:1080,Warsaw,Poland,DataPacket,45.134.212.79,2a02:6ea0:ce08:2::a06f
pl-waw-wg-103,pl-waw-wg-socks5-103,pl-waw-wg-socks5-103.relays.mullvad.net:1080,Warsaw,Poland,DataPacket,45.134.212.92,2a02:6ea0:ce08:3::a07f
pl-waw-wg-201,pl-waw-wg-socks5-201,pl-waw-wg-socks5-201.relays.mullvad.net:1080,Warsaw,Poland,M247,45.128.38.226,2a0d:5600:13:67::a01f
pl-waw-wg-202,pl-waw-wg-socks5-202,pl-waw-wg-socks5-202.relays.mullvad.net:1080,Warsaw,Poland,M247,146.70.144.34,2a0d:5600:13:c47::a02f
pt-lis-wg-201,pt-lis-wg-socks5-201,pt-lis-wg-socks5-201.relays.mullvad.net:1080,Lisbon,Portugal,DataPacket,149.88.20.206,2a02:6ea0:fb01:1::f001
pt-lis-wg-202,pt-lis-wg-socks5-202,pt-lis-wg-socks5-202.relays.mullvad.net:1080,Lisbon,Portugal,DataPacket,149.88.20.193,2a02:6ea0:fb01:2::f002
pt-lis-wg-301,pt-lis-wg-socks5-301,pt-lis-wg-socks5-301.relays.mullvad.net:1080,Lisbon,Portugal,HostRoyale,185.92.210.195,2a06:3040:0:1410::f001
pt-lis-wg-302,pt-lis-wg-socks5-302,pt-lis-wg-socks5-302.relays.mullvad.net:1080,Lisbon,Portugal,HostRoyale,185.92.210.225,2a06:3040:0:1410::f101
ro-buh-wg-001,ro-buh-wg-socks5-001,ro-buh-wg-socks5-001.relays.mullvad.net:1080,Bucharest,Romania,M247,146.70.124.130,2a04:9dc0:0:133::a01f
ro-buh-wg-002,ro-buh-wg-socks5-002,ro-buh-wg-socks5-002.relays.mullvad.net:1080,Bucharest,Romania,M247,146.70.124.194,2a04:9dc0:0:135::f001
rs-beg-wg-101,rs-beg-wg-socks5-101,rs-beg-wg-socks5-101.relays.mullvad.net:1080,Belgrade,Serbia,M247,146.70.193.2,2001:ac8:7d:37::a01f
rs-beg-wg-102,rs-beg-wg-socks5-102,rs-beg-wg-socks5-102.relays.mullvad.net:1080,Belgrade,Serbia,M247,146.70.193.66,2001:ac8:7d:38::a02f
sg-sin-wg-001,sg-sin-wg-socks5-001,sg-sin-wg-socks5-001.relays.mullvad.net:1080,Singapore,Singapore,DataPacket,138.199.60.2,2a02:6ea0:d13e:1::a09f
sg-sin-wg-002,sg-sin-wg-socks5-002,sg-sin-wg-socks5-002.relays.mullvad.net:1080,Singapore,Singapore,DataPacket,138.199.60.15,2a02:6ea0:d13e:2::a10f
sg-sin-wg-003,sg-sin-wg-socks5-003,sg-sin-wg-socks5-003.relays.mullvad.net:1080,Singapore,Singapore,DataPacket,138.199.60.28,2a02:6ea0:d13e:3::a11f
sg-sin-wg-101,sg-sin-wg-socks5-101,sg-sin-wg-socks5-101.relays.mullvad.net:1080,Singapore,Singapore,M247,146.70.199.194,2a0d:5600:d:44::a01f
sg-sin-wg-102,sg-sin-wg-socks5-102,sg-sin-wg-socks5-102.relays.mullvad.net:1080,Singapore,Singapore,M247,146.70.199.130,2a0d:5600:d:43::a02f
sk-bts-wg-001,sk-bts-wg-socks5-001,sk-bts-wg-socks5-001.relays.mullvad.net:1080,Bratislava,Slovakia,DataPacket,138.199.34.129,2a02:6ea0:2901:1::f001
sk-bts-wg-002,sk-bts-wg-socks5-002,sk-bts-wg-socks5-002.relays.mullvad.net:1080,Bratislava,Slovakia,DataPacket,138.199.34.143,2a02:6ea0:2901::a02f
si-lju-wg-001,si-lju-wg-socks5-001,si-lju-wg-socks5-001.relays.mullvad.net:1080,Ljubljana,Slovenia,HostRoyale,93.115.0.3,2a06:3040:7:210::f001
si-lju-wg-002,si-lju-wg-socks5-002,si-lju-wg-socks5-002.relays.mullvad.net:1080,Ljubljana,Slovenia,HostRoyale,93.115.0.33,2a06:3040:7:210::f101
za-jnb-wg-001,za-jnb-wg-socks5-001,za-jnb-wg-socks5-001.relays.mullvad.net:1080,Johannesburg,South Africa,DataPacket,154.47.30.130,2a02:6ea0:f206::f001
za-jnb-wg-002,za-jnb-wg-socks5-002,za-jnb-wg-socks5-002.relays.mullvad.net:1080,Johannesburg,South Africa,DataPacket,154.47.30.143,2a02:6ea0:f207::f001
es-bcn-wg-001,es-bcn-wg-socks5-001,es-bcn-wg-socks5-001.relays.mullvad.net:1080,Barcelona,Spain,HostRoyale,185.188.61.195,2a06:3040:2:210::f001
es-bcn-wg-002,es-bcn-wg-socks5-002,es-bcn-wg-socks5-002.relays.mullvad.net:1080,Barcelona,Spain,HostRoyale,185.188.61.225,2a06:3040:2:210::f101
es-bcn-wg-101,es-bcn-wg-socks5-101,es-bcn-wg-socks5-101.relays.mullvad.net:1080,Barcelona,Spain,M247,185.253.99.30,2001:ac8:17:20::f001
es-bcn-wg-102,es-bcn-wg-socks5-102,es-bcn-wg-socks5-102.relays.mullvad.net:1080,Barcelona,Spain,M247,185.253.99.98,2001:ac8:17:20::f101
es-mad-wg-101,es-mad-wg-socks5-101,es-mad-wg-socks5-101.relays.mullvad.net:1080,Madrid,Spain,DataPacket,45.134.213.194,2a02:6ea0:c318:1::a06f
es-mad-wg-102,es-mad-wg-socks5-102,es-mad-wg-socks5-102.relays.mullvad.net:1080,Madrid,Spain,DataPacket,45.134.213.207,2a02:6ea0:c318:2::a07f
es-mad-wg-201,es-mad-wg-socks5-201,es-mad-wg-socks5-201.relays.mullvad.net:1080,Madrid,Spain,M247,146.70.128.194,2001:ac8:23:85::a01f
es-mad-wg-202,es-mad-wg-socks5-202,es-mad-wg-socks5-202.relays.mullvad.net:1080,Madrid,Spain,M247,146.70.128.226,2001:ac8:23:86::a02f
es-vlc-wg-001,es-vlc-wg-socks5-001,es-vlc-wg-socks5-001.relays.mullvad.net:1080,Valencia,Spain,HostRoyale,193.19.207.195,2a06:3040:3:210::f001
es-vlc-wg-002,es-vlc-wg-socks5-002,es-vlc-wg-socks5-002.relays.mullvad.net:1080,Valencia,Spain,HostRoyale,193.19.207.225,2a06:3040:3:210::f101
se-sto-wg-201,se-sto-wg-socks5-201,se-sto-wg-socks5-201.relays.mullvad.net:1080,Stockholm,Sweden,DataPacket,89.37.63.10,2a02:6ea0:1508:1::f001
se-sto-wg-202,se-sto-wg-socks5-202,se-sto-wg-socks5-202.relays.mullvad.net:1080,Stockholm,Sweden,DataPacket,89.37.63.66,2a02:6ea0:1508:2::f001
se-sto-wg-203,se-sto-wg-socks5-203,se-sto-wg-socks5-203.relays.mullvad.net:1080,Stockholm,Sweden,DataPacket,89.37.63.129,2a02:6ea0:1508:3::f001
se-sto-wg-204,se-sto-wg-socks5-204,se-sto-wg-socks5-204.relays.mullvad.net:1080,Stockholm,Sweden,DataPacket,89.37.63.190,2a02:6ea0:1508:4::f001
se-sto-wg-205,se-sto-wg-socks5-205,se-sto-wg-socks5-205.relays.mullvad.net:1080,Stockholm,Sweden,DataPacket,170.62.100.10,2a02:6ea0:1508:5::f001
se-sto-wg-206,se-sto-wg-socks5-206,se-sto-wg-socks5-206.relays.mullvad.net:1080,Stockholm,Sweden,DataPacket,170.62.100.66,2a02:6ea0:1508:6::f001
se-sto-wg-207,se-sto-wg-socks5-207,se-sto-wg-socks5-207.relays.mullvad.net:1080,Stockholm,Sweden,DataPacket,170.62.100.129,2a02:6ea0:1508:7::f001
se-sto-wg-208,se-sto-wg-socks5-208,se-sto-wg-socks5-208.relays.mullvad.net:1080,Stockholm,Sweden,DataPacket,170.62.100.170,2a02:6ea0:1508:8::f001
se-sto-wg-209,se-sto-wg-socks5-209,se-sto-wg-socks5-209.relays.mullvad.net:1080,Stockholm,Sweden,DataPacket,170.62.100.211,2a02:6ea0:1508:9::f001
ch-zrh-wg-201,ch-zrh-wg-socks5-201,ch-zrh-wg-socks5-201.relays.mullvad.net:1080,Zurich,Switzerland,PrivateLayer,179.43.189.66,2a02:29b8:dc01:1832::a1f
ch-zrh-wg-202,ch-zrh-wg-socks5-202,ch-zrh-wg-socks5-202.relays.mullvad.net:1080,Zurich,Switzerland,PrivateLayer,46.19.136.226,2a02:29b8:dc01:1831::f002
ch-zrh-wg-401,ch-zrh-wg-socks5-401,ch-zrh-wg-socks5-401.relays.mullvad.net:1080,Zurich,Switzerland,DataPacket,138.199.6.194,2a02:6ea0:d406:1::a18f
ch-zrh-wg-402,ch-zrh-wg-socks5-402,ch-zrh-wg-socks5-402.relays.mullvad.net:1080,Zurich,Switzerland,DataPacket,138.199.6.207,2a02:6ea0:d406:2::a19f
ch-zrh-wg-403,ch-zrh-wg-socks5-403,ch-zrh-wg-socks5-403.relays.mullvad.net:1080,Zurich,Switzerland,DataPacket,138.199.6.220,2a02:6ea0:d406:3::a20f
ch-zrh-wg-404,ch-zrh-wg-socks5-404,ch-zrh-wg-socks5-404.relays.mullvad.net:1080,Zurich,Switzerland,DataPacket,138.199.6.233,2a02:6ea0:d406:4::a21f
ch-zrh-wg-501,ch-zrh-wg-socks5-501,ch-zrh-wg-socks5-501.relays.mullvad.net:1080,Zurich,Switzerland,M247,146.70.134.98,2001:ac8:28:a7::a36f
ch-zrh-wg-502,ch-zrh-wg-socks5-502,ch-zrh-wg-socks5-502.relays.mullvad.net:1080,Zurich,Switzerland,M247,146.70.126.162,2001:ac8:28:a1::f001
ch-zrh-wg-503,ch-zrh-wg-socks5-503,ch-zrh-wg-socks5-503.relays.mullvad.net:1080,Zurich,Switzerland,M247,146.70.126.194,2001:ac8:28:a2::f001
ch-zrh-wg-504,ch-zrh-wg-socks5-504,ch-zrh-wg-socks5-504.relays.mullvad.net:1080,Zurich,Switzerland,M247,146.70.126.226,2001:ac8:28:a3::f001
ch-zrh-wg-505,ch-zrh-wg-socks5-505,ch-zrh-wg-socks5-505.relays.mullvad.net:1080,Zurich,Switzerland,M247,146.70.134.2,2001:ac8:28:a4::a33f
ch-zrh-wg-506,ch-zrh-wg-socks5-506,ch-zrh-wg-socks5-506.relays.mullvad.net:1080,Zurich,Switzerland,M247,146.70.134.34,2001:ac8:28:a5::a34f
ch-zrh-wg-507,ch-zrh-wg-socks5-507,ch-zrh-wg-socks5-507.relays.mullvad.net:1080,Zurich,Switzerland,M247,146.70.134.66,2001:ac8:28:a6::a35f
th-bkk-wg-001,th-bkk-wg-socks5-001,th-bkk-wg-socks5-001.relays.mullvad.net:1080,Bangkok,Thailand,Zenlayer,156.59.50.194,2602:ffe4:c09:10a::f001
th-bkk-wg-002,th-bkk-wg-socks5-002,th-bkk-wg-socks5-002.relays.mullvad.net:1080,Bangkok,Thailand,Zenlayer,156.59.50.226,2602:ffe4:c09:109::f101
tr-ist-wg-001,tr-ist-wg-socks5-001,tr-ist-wg-socks5-001.relays.mullvad.net:1080,Istanbul,Turkey,DataPacket,149.102.229.129,2a02:6ea0:e813::f001
tr-ist-wg-002,tr-ist-wg-socks5-002,tr-ist-wg-socks5-002.relays.mullvad.net:1080,Istanbul,Turkey,DataPacket,149.102.229.158,2a02:6ea0:e813:1::f001
gb-lon-wg-201,gb-lon-wg-socks5-201,gb-lon-wg-socks5-201.relays.mullvad.net:1080,London,UK,xtom,185.248.85.3,2a0b:89c1:3::a33f
gb-lon-wg-202,gb-lon-wg-socks5-202,gb-lon-wg-socks5-202.relays.mullvad.net:1080,London,UK,xtom,185.248.85.18,2a0b:89c1:3::a34f
gb-lon-wg-203,gb-lon-wg-socks5-203,gb-lon-wg-socks5-203.relays.mullvad.net:1080,London,UK,xtom,185.248.85.33,2a0b:89c1:3::a35f
gb-lon-wg-204,gb-lon-wg-socks5-204,gb-lon-wg-socks5-204.relays.mullvad.net:1080,London,UK,xtom,185.248.85.48,2a0b:89c1:3::a36f
gb-lon-wg-301,gb-lon-wg-socks5-301,gb-lon-wg-socks5-301.relays.mullvad.net:1080,London,UK,M247,146.70.119.66,2001:ac8:31:f007::a39f
gb-lon-wg-302,gb-lon-wg-socks5-302,gb-lon-wg-socks5-302.relays.mullvad.net:1080,London,UK,M247,146.70.119.2,2001:ac8:31:f005::a37f
gb-lon-wg-304,gb-lon-wg-socks5-304,gb-lon-wg-socks5-304.relays.mullvad.net:1080,London,UK,M247,146.70.119.162,2001:ac8:31:f00a::f001
gb-mnc-wg-008,gb-mnc-wg-socks5-008,gb-mnc-wg-socks5-008.relays.mullvad.net:1080,Manchester,UK,M247,146.70.133.66,2001:ac8:8b:2c::f001
gb-mnc-wg-009,gb-mnc-wg-socks5-009,gb-mnc-wg-socks5-009.relays.mullvad.net:1080,Manchester,UK,M247,146.70.132.98,2001:ac8:8b:25::f001
ua-iev-wg-001,ua-iev-wg-socks5-001,ua-iev-wg-socks5-001.relays.mullvad.net:1080,Kyiv,Ukraine,DataPacket,149.102.240.79,2a02:6ea0:e109:2::a01f
ua-iev-wg-002,ua-iev-wg-socks5-002,ua-iev-wg-socks5-002.relays.mullvad.net:1080,Kyiv,Ukraine,DataPacket,149.102.240.66,2a02:6ea0:e109:1::a02f
us-qas-wg-101,us-qas-wg-socks5-101,us-qas-wg-socks5-101.relays.mullvad.net:1080,"Ashburn, VA",USA,DataPacket,185.156.46.130,2a02:6ea0:e206:1::a01f
us-qas-wg-102,us-qas-wg-socks5-102,us-qas-wg-socks5-102.relays.mullvad.net:1080,"Ashburn, VA",USA,DataPacket,185.156.46.143,2a02:6ea0:e206:2::a02f
us-qas-wg-103,us-qas-wg-socks5-103,us-qas-wg-socks5-103.relays.mullvad.net:1080,"Ashburn, VA",USA,DataPacket,185.156.46.156,2a02:6ea0:e206:3::a03f
us-qas-wg-201,us-qas-wg-socks5-201,us-qas-wg-socks5-201.relays.mullvad.net:1080,"Ashburn, VA",USA,HostRoyale,103.81.230.3,2a01:4740:1::f001
us-qas-wg-203,us-qas-wg-socks5-203,us-qas-wg-socks5-203.relays.mullvad.net:1080,"Ashburn, VA",USA,HostRoyale,103.81.231.3,2a01:4740:1::f201
us-qas-wg-204,us-qas-wg-socks5-204,us-qas-wg-socks5-204.relays.mullvad.net:1080,"Ashburn, VA",USA,HostRoyale,103.81.231.127,2a01:4740:1::f301
us-atl-wg-301,us-atl-wg-socks5-301,us-atl-wg-socks5-301.relays.mullvad.net:1080,"Atlanta, GA",USA,100TB,67.213.209.116,2606:2e00:8000:4::f001
us-atl-wg-302,us-atl-wg-socks5-302,us-atl-wg-socks5-302.relays.mullvad.net:1080,"Atlanta, GA",USA,100TB,67.213.209.117,2606:2e00:8000:4::f101
us-atl-wg-303,us-atl-wg-socks5-303,us-atl-wg-socks5-303.relays.mullvad.net:1080,"Atlanta, GA",USA,100TB,67.213.209.118,2606:2e00:8000:4::f201
us-atl-wg-304,us-atl-wg-socks5-304,us-atl-wg-socks5-304.relays.mullvad.net:1080,"Atlanta, GA",USA,100TB,67.213.209.119,2606:2e00:8000:4::f301
us-atl-wg-305,us-atl-wg-socks5-305,us-atl-wg-socks5-305.relays.mullvad.net:1080,"Atlanta, GA",USA,100TB,67.213.209.120,2606:2e00:8000:4::f401
us-atl-wg-306,us-atl-wg-socks5-306,us-atl-wg-socks5-306.relays.mullvad.net:1080,"Atlanta, GA",USA,100TB,67.213.209.121,2606:2e00:8000:4::f501
us-atl-wg-401,us-atl-wg-socks5-401,us-atl-wg-socks5-401.relays.mullvad.net:1080,"Atlanta, GA",USA,Tzulo,23.234.108.3,2607:9000:c00:31::f001
us-atl-wg-402,us-atl-wg-socks5-402,us-atl-wg-socks5-402.relays.mullvad.net:1080,"Atlanta, GA",USA,Tzulo,23.234.108.127,2607:9000:c00:32::f001
us-atl-wg-403,us-atl-wg-socks5-403,us-atl-wg-socks5-403.relays.mullvad.net:1080,"Atlanta, GA",USA,Tzulo,23.234.109.3,2607:9000:c00:33::f001
us-atl-wg-404,us-atl-wg-socks5-404,us-atl-wg-socks5-404.relays.mullvad.net:1080,"Atlanta, GA",USA,Tzulo,23.234.109.127,2607:9000:c00:34::f001
us-atl-wg-405,us-atl-wg-socks5-405,us-atl-wg-socks5-405.relays.mullvad.net:1080,"Atlanta, GA",USA,Tzulo,23.234.110.3,2607:9000:c00:35::f001
us-atl-wg-406,us-atl-wg-socks5-406,us-atl-wg-socks5-406.relays.mullvad.net:1080,"Atlanta, GA",USA,Tzulo,23.234.110.127,2607:9000:c00:36::f001
us-atl-wg-407,us-atl-wg-socks5-407,us-atl-wg-socks5-407.relays.mullvad.net:1080,"Atlanta, GA",USA,Tzulo,23.234.111.3,2607:9000:c00:37::f001
us-atl-wg-408,us-atl-wg-socks5-408,us-atl-wg-socks5-408.relays.mullvad.net:1080,"Atlanta, GA",USA,Tzulo,23.234.111.127,2607:9000:c00:38::f001
us-bos-wg-001,us-bos-wg-socks5-001,us-bos-wg-socks5-001.relays.mullvad.net:1080,"Boston, MA",USA,HostRoyale,43.225.189.131,2a06:3040:12:610::a01f
us-bos-wg-101,us-bos-wg-socks5-101,us-bos-wg-socks5-101.relays.mullvad.net:1080,"Boston, MA",USA,DataPacket,149.40.50.98,2a02:6ea0:f901::a01f
us-bos-wg-102,us-bos-wg-socks5-102,us-bos-wg-socks5-102.relays.mullvad.net:1080,"Boston, MA",USA,DataPacket,149.40.50.112,2a02:6ea0:f901:1::a02f
us-chi-wg-201,us-chi-wg-socks5-201,us-chi-wg-socks5-201.relays.mullvad.net:1080,"Chicago, IL",USA,DataPacket,87.249.134.1,2a02:6ea0:c61f::b63f
us-chi-wg-202,us-chi-wg-socks5-202,us-chi-wg-socks5-202.relays.mullvad.net:1080,"Chicago, IL",USA,DataPacket,87.249.134.14,2a02:6ea0:c61f:1::b64f
us-chi-wg-203,us-chi-wg-socks5-203,us-chi-wg-socks5-203.relays.mullvad.net:1080,"Chicago, IL",USA,DataPacket,87.249.134.27,2a02:6ea0:c61f:2::f001
us-chi-wg-301,us-chi-wg-socks5-301,us-chi-wg-socks5-301.relays.mullvad.net:1080,"Chicago, IL",USA,Tzulo,68.235.46.2,2607:9000:0:101::f001
us-chi-wg-302,us-chi-wg-socks5-302,us-chi-wg-socks5-302.relays.mullvad.net:1080,"Chicago, IL",USA,Tzulo,68.235.46.33,2607:9000:0:102::f001
us-chi-wg-303,us-chi-wg-socks5-303,us-chi-wg-socks5-303.relays.mullvad.net:1080,"Chicago, IL",USA,Tzulo,68.235.46.64,2607:9000:0:103::f001
us-chi-wg-304,us-chi-wg-socks5-304,us-chi-wg-socks5-304.relays.mullvad.net:1080,"Chicago, IL",USA,Tzulo,68.235.46.95,2607:9000:0:104::f001
us-chi-wg-305,us-chi-wg-socks5-305,us-chi-wg-socks5-305.relays.mullvad.net:1080,"Chicago, IL",USA,Tzulo,68.235.46.126,2607:9000:0:105::f001
us-chi-wg-306,us-chi-wg-socks5-306,us-chi-wg-socks5-306.relays.mullvad.net:1080,"Chicago, IL",USA,Tzulo,68.235.46.157,2607:9000:0:106::f001
us-chi-wg-307,us-chi-wg-socks5-307,us-chi-wg-socks5-307.relays.mullvad.net:1080,"Chicago, IL",USA,Tzulo,68.235.46.188,2607:9000:0:107::f001
us-chi-wg-308,us-chi-wg-socks5-308,us-chi-wg-socks5-308.relays.mullvad.net:1080,"Chicago, IL",USA,Tzulo,68.235.46.209,2607:9000:0:108::f001
us-dal-wg-001,us-dal-wg-socks5-001,us-dal-wg-socks5-001.relays.mullvad.net:1080,"Dallas, TX",USA,M247,146.70.211.66,2001:ac8:9a:76::1f
us-dal-wg-002,us-dal-wg-socks5-002,us-dal-wg-socks5-002.relays.mullvad.net:1080,"Dallas, TX",USA,M247,146.70.211.2,2001:ac8:9a:75::2f
us-dal-wg-003,us-dal-wg-socks5-003,us-dal-wg-socks5-003.relays.mullvad.net:1080,"Dallas, TX",USA,M247,146.70.211.130,2001:ac8:9a:78::3f
us-dal-wg-401,us-dal-wg-socks5-401,us-dal-wg-socks5-401.relays.mullvad.net:1080,"Dallas, TX",USA,DataPacket,37.19.200.156,2a02:6ea0:d20c:3::b72f
us-dal-wg-402,us-dal-wg-socks5-402,us-dal-wg-socks5-402.relays.mullvad.net:1080,"Dallas, TX",USA,DataPacket,37.19.200.143,2a02:6ea0:d20c:2::b71f
us-dal-wg-403,us-dal-wg-socks5-403,us-dal-wg-socks5-403.relays.mullvad.net:1080,"Dallas, TX",USA,DataPacket,37.19.200.130,2a02:6ea0:d20c:1::f001
us-dal-wg-601,us-dal-wg-socks5-601,us-dal-wg-socks5-601.relays.mullvad.net:1080,"Dallas, TX",USA,HostRoyale,103.102.246.3,2a01:4740:2::f001
us-dal-wg-602,us-dal-wg-socks5-602,us-dal-wg-socks5-602.relays.mullvad.net:1080,"Dallas, TX",USA,HostRoyale,103.102.246.127,2a01:4740:2::f101
us-dal-wg-603,us-dal-wg-socks5-603,us-dal-wg-socks5-603.relays.mullvad.net:1080,"Dallas, TX",USA,HostRoyale,103.102.247.3,2a01:4740:2::f201
us-dal-wg-604,us-dal-wg-socks5-604,us-dal-wg-socks5-604.relays.mullvad.net:1080,"Dallas, TX",USA,HostRoyale,103.102.247.127,2a01:4740:2::f301
us-den-wg-101,us-den-wg-socks5-101,us-den-wg-socks5-101.relays.mullvad.net:1080,"Denver, CO",USA,DataPacket,37.19.210.1,2a02:6ea0:d70a::b57f
us-den-wg-102,us-den-wg-socks5-102,us-den-wg-socks5-102.relays.mullvad.net:1080,"Denver, CO",USA,DataPacket,37.19.210.14,2a02:6ea0:d70a:1::b58f
us-den-wg-103,us-den-wg-socks5-103,us-den-wg-socks5-103.relays.mullvad.net:1080,"Denver, CO",USA,DataPacket,37.19.210.27,2a02:6ea0:d70a:2::b59f
us-den-wg-201,us-den-wg-socks5-201,us-den-wg-socks5-201.relays.mullvad.net:1080,"Denver, CO",USA,Tzulo,23.234.68.2,2607:9000:2000:41::f001
us-den-wg-202,us-den-wg-socks5-202,us-den-wg-socks5-202.relays.mullvad.net:1080,"Denver, CO",USA,Tzulo,23.234.68.127,2607:9000:2000:42::f001
us-den-wg-203,us-den-wg-socks5-203,us-den-wg-socks5-203.relays.mullvad.net:1080,"Denver, CO",USA,Tzulo,23.234.69.2,2607:9000:2000:43::f001
us-den-wg-204,us-den-wg-socks5-204,us-den-wg-socks5-204.relays.mullvad.net:1080,"Denver, CO",USA,Tzulo,23.234.69.127,2607:9000:2000:44::f001
us-den-wg-205,us-den-wg-socks5-205,us-den-wg-socks5-205.relays.mullvad.net:1080,"Denver, CO",USA,Tzulo,23.234.70.2,2607:9000:2000:45::f001
us-den-wg-206,us-den-wg-socks5-206,us-den-wg-socks5-206.relays.mullvad.net:1080,"Denver, CO",USA,Tzulo,23.234.70.127,2607:9000:2000:46::f001
us-den-wg-207,us-den-wg-socks5-207,us-den-wg-socks5-207.relays.mullvad.net:1080,"Denver, CO",USA,Tzulo,23.234.71.2,2607:9000:2000:47::f001
us-den-wg-208,us-den-wg-socks5-208,us-den-wg-socks5-208.relays.mullvad.net:1080,"Denver, CO",USA,Tzulo,23.234.71.127,2607:9000:2000:48::f001
us-hou-wg-001,us-hou-wg-socks5-001,us-hou-wg-socks5-001.relays.mullvad.net:1080,"Houston, TX",USA,DataPacket,37.19.221.130,2a02:6ea0:e001::f001
us-hou-wg-002,us-hou-wg-socks5-002,us-hou-wg-socks5-002.relays.mullvad.net:1080,"Houston, TX",USA,DataPacket,37.19.221.143,2a02:6ea0:e001:1::f001
us-hou-wg-003,us-hou-wg-socks5-003,us-hou-wg-socks5-003.relays.mullvad.net:1080,"Houston, TX",USA,DataPacket,37.19.221.156,2a02:6ea0:e001:2::b55f
us-hou-wg-004,us-hou-wg-socks5-004,us-hou-wg-socks5-004.relays.mullvad.net:1080,"Houston, TX",USA,DataPacket,37.19.221.169,2a02:6ea0:e001:3::b56f
us-mkc-wg-001,us-mkc-wg-socks5-001,us-mkc-wg-socks5-001.relays.mullvad.net:1080,"Kansas City, MO",USA,Tzulo,23.234.116.3,2607:9000:e00:2::f001
us-mkc-wg-002,us-mkc-wg-socks5-002,us-mkc-wg-socks5-002.relays.mullvad.net:1080,"Kansas City, MO",USA,Tzulo,23.234.116.127,2607:9000:e00:3::f001
us-mkc-wg-003,us-mkc-wg-socks5-003,us-mkc-wg-socks5-003.relays.mullvad.net:1080,"Kansas City, MO",USA,Tzulo,23.234.117.3,2607:9000:e00:4::f001
us-mkc-wg-004,us-mkc-wg-socks5-004,us-mkc-wg-socks5-004.relays.mullvad.net:1080,"Kansas City, MO",USA,Tzulo,23.234.117.127,2607:9000:e00:5::f001
us-mkc-wg-005,us-mkc-wg-socks5-005,us-mkc-wg-socks5-005.relays.mullvad.net:1080,"Kansas City, MO",USA,Tzulo,23.234.118.3,2607:9000:e00:6::f001
us-mkc-wg-006,us-mkc-wg-socks5-006,us-mkc-wg-socks5-006.relays.mullvad.net:1080,"Kansas City, MO",USA,Tzulo,23.234.118.127,2607:9000:e00:7::f001
us-mkc-wg-007,us-mkc-wg-socks5-007,us-mkc-wg-socks5-007.relays.mullvad.net:1080,"Kansas City, MO",USA,Tzulo,23.234.119.3,2607:9000:e00:8::f001
us-mkc-wg-008,us-mkc-wg-socks5-008,us-mkc-wg-socks5-008.relays.mullvad.net:1080,"Kansas City, MO",USA,Tzulo,23.234.119.127,2607:9000:e00:9::f001
us-mkc-wg-101,us-mkc-wg-socks5-101,us-mkc-wg-socks5-101.relays.mullvad.net:1080,"Kansas City, MO",USA,hostuniversal,155.2.191.3,2602:fed2:7e0a::f001
us-mkc-wg-102,us-mkc-wg-socks5-102,us-mkc-wg-socks5-102.relays.mullvad.net:1080,"Kansas City, MO",USA,hostuniversal,155.2.191.53,2602:fed2:7e0a::f101
us-mkc-wg-103,us-mkc-wg-socks5-103,us-mkc-wg-socks5-103.relays.mullvad.net:1080,"Kansas City, MO",USA,hostuniversal,155.2.191.103,2602:fed2:7e0a::f201
us-mkc-wg-104,us-mkc-wg-socks5-104,us-mkc-wg-socks5-104.relays.mullvad.net:1080,"Kansas City, MO",USA,hostuniversal,155.2.191.153,2602:fed2:7e0a::f301
us-mkc-wg-105,us-mkc-wg-socks5-105,us-mkc-wg-socks5-105.relays.mullvad.net:1080,"Kansas City, MO",USA,hostuniversal,155.2.191.203,2602:fed2:7e0a::f401
us-lax-wg-203,us-lax-wg-socks5-203,us-lax-wg-socks5-203.relays.mullvad.net:1080,"Los Angeles, CA",USA,DataPacket,169.150.203.28,2a02:6ea0:c859:3::a03f
us-lax-wg-407,us-lax-wg-socks5-407,us-lax-wg-socks5-407.relays.mullvad.net:1080,"Los Angeles, CA",USA,M247,146.70.172.66,2a0d:5600:8:38::f001
us-lax-wg-408,us-lax-wg-socks5-408,us-lax-wg-socks5-408.relays.mullvad.net:1080,"Los Angeles, CA",USA,M247,146.70.172.130,2a0d:5600:8:39::f001
us-lax-wg-409,us-lax-wg-socks5-409,us-lax-wg-socks5-409.relays.mullvad.net:1080,"Los Angeles, CA",USA,M247,146.70.172.194,2a0d:5600:8:3a::f001
us-lax-wg-601,us-lax-wg-socks5-601,us-lax-wg-socks5-601.relays.mullvad.net:1080,"Los Angeles, CA",USA,xtom,23.162.40.3,2602:fa19::f001
us-lax-wg-602,us-lax-wg-socks5-602,us-lax-wg-socks5-602.relays.mullvad.net:1080,"Los Angeles, CA",USA,xtom,23.162.40.127,2602:fa19::f101
us-lax-wg-603,us-lax-wg-socks5-603,us-lax-wg-socks5-603.relays.mullvad.net:1080,"Los Angeles, CA",USA,xtom,23.159.216.3,2602:fa47::f001
us-lax-wg-604,us-lax-wg-socks5-604,us-lax-wg-socks5-604.relays.mullvad.net:1080,"Los Angeles, CA",USA,xtom,23.159.216.127,2602:fa47::f101
us-lax-wg-605,us-lax-wg-socks5-605,us-lax-wg-socks5-605.relays.mullvad.net:1080,"Los Angeles, CA",USA,xtom,23.160.24.3,2602:fa45::f001
us-lax-wg-606,us-lax-wg-socks5-606,us-lax-wg-socks5-606.relays.mullvad.net:1080,"Los Angeles, CA",USA,xtom,23.160.24.127,2602:fa45::f101
us-lax-wg-607,us-lax-wg-socks5-607,us-lax-wg-socks5-607.relays.mullvad.net:1080,"Los Angeles, CA",USA,xtom,23.168.216.3,2602:f99d::f001
us-lax-wg-608,us-lax-wg-socks5-608,us-lax-wg-socks5-608.relays.mullvad.net:1080,"Los Angeles, CA",USA,xtom,23.168.216.127,2602:f99d::f101
us-lax-wg-701,us-lax-wg-socks5-701,us-lax-wg-socks5-701.relays.mullvad.net:1080,"Los Angeles, CA",USA,HostRoyale,103.251.26.3,2a01:4740:3::f001
us-lax-wg-702,us-lax-wg-socks5-702,us-lax-wg-socks5-702.relays.mullvad.net:1080,"Los Angeles, CA",USA,HostRoyale,103.251.26.127,2a01:4740:3::f101
us-lax-wg-703,us-lax-wg-socks5-703,us-lax-wg-socks5-703.relays.mullvad.net:1080,"Los Angeles, CA",USA,HostRoyale,103.251.27.3,2a01:4740:3::f201
us-lax-wg-704,us-lax-wg-socks5-704,us-lax-wg-socks5-704.relays.mullvad.net:1080,"Los Angeles, CA",USA,HostRoyale,103.251.27.127,2a01:4740:3::f301
us-txc-wg-001,us-txc-wg-socks5-001,us-txc-wg-socks5-001.relays.mullvad.net:1080,"McAllen, TX",USA,DataPacket,79.127.222.194,2a02:6ea0:fe00:1::f001
us-txc-wg-002,us-txc-wg-socks5-002,us-txc-wg-socks5-002.relays.mullvad.net:1080,"McAllen, TX",USA,DataPacket,79.127.222.207,2a02:6ea0:fe00:2::f001
us-mia-wg-001,us-mia-wg-socks5-001,us-mia-wg-socks5-001.relays.mullvad.net:1080,"Miami, FL",USA,DataPacket,45.134.142.219,2a02:6ea0:cc1f:2::b62f
us-mia-wg-002,us-mia-wg-socks5-002,us-mia-wg-socks5-002.relays.mullvad.net:1080,"Miami, FL",USA,DataPacket,45.134.142.206,2a02:6ea0:cc1f:1::b61f
us-mia-wg-003,us-mia-wg-socks5-003,us-mia-wg-socks5-003.relays.mullvad.net:1080,"Miami, FL",USA,DataPacket,45.134.142.193,2a02:6ea0:cc1f::f001
us-mia-wg-101,us-mia-wg-socks5-101,us-mia-wg-socks5-101.relays.mullvad.net:1080,"Miami, FL",USA,M247,146.70.187.2,2a0d:5600:6:104::a01f
us-mia-wg-102,us-mia-wg-socks5-102,us-mia-wg-socks5-102.relays.mullvad.net:1080,"Miami, FL",USA,M247,146.70.187.66,2a0d:5600:6:105::f001
us-mia-wg-103,us-mia-wg-socks5-103,us-mia-wg-socks5-103.relays.mullvad.net:1080,"Miami, FL",USA,M247,146.70.187.130,2a0d:5600:6:106::f001
us-nyc-wg-301,us-nyc-wg-socks5-301,us-nyc-wg-socks5-301.relays.mullvad.net:1080,"New York, NY",USA,DataPacket,143.244.47.65,2a02:6ea0:c43f::f001
us-nyc-wg-302,us-nyc-wg-socks5-302,us-nyc-wg-socks5-302.relays.mullvad.net:1080,"New York, NY",USA,DataPacket,143.244.47.78,2a02:6ea0:c43f:1::f001
us-nyc-wg-303,us-nyc-wg-socks5-303,us-nyc-wg-socks5-303.relays.mullvad.net:1080,"New York, NY",USA,DataPacket,143.244.47.91,2a02:6ea0:c43f:2::b52f
us-nyc-wg-501,us-nyc-wg-socks5-501,us-nyc-wg-socks5-501.relays.mullvad.net:1080,"New York, NY",USA,M247,146.70.165.2,2a0d:5600:24:2b6::f001
us-nyc-wg-502,us-nyc-wg-socks5-502,us-nyc-wg-socks5-502.relays.mullvad.net:1080,"New York, NY",USA,M247,146.70.165.130,2a0d:5600:24:2b8::f001
us-nyc-wg-503,us-nyc-wg-socks5-503,us-nyc-wg-socks5-503.relays.mullvad.net:1080,"New York, NY",USA,M247,146.70.165.194,2a0d:5600:24:2b9::f001
us-nyc-wg-504,us-nyc-wg-socks5-504,us-nyc-wg-socks5-504.relays.mullvad.net:1080,"New York, NY",USA,M247,146.70.166.130,2a0d:5600:24:2c2::f001
us-nyc-wg-505,us-nyc-wg-socks5-505,us-nyc-wg-socks5-505.relays.mullvad.net:1080,"New York, NY",USA,M247,146.70.166.194,2a0d:5600:24:2c3::f001
us-nyc-wg-506,us-nyc-wg-socks5-506,us-nyc-wg-socks5-506.relays.mullvad.net:1080,"New York, NY",USA,M247,146.70.165.66,2a0d:5600:24:2b7::f001
us-nyc-wg-601,us-nyc-wg-socks5-601,us-nyc-wg-socks5-601.relays.mullvad.net:1080,"New York, NY",USA,M247,146.70.185.2,2a0d:5600:24:136a::f001
us-nyc-wg-602,us-nyc-wg-socks5-602,us-nyc-wg-socks5-602.relays.mullvad.net:1080,"New York, NY",USA,M247,146.70.168.130,2a0d:5600:24:1378::f001
us-nyc-wg-603,us-nyc-wg-socks5-603,us-nyc-wg-socks5-603.relays.mullvad.net:1080,"New York, NY",USA,M247,146.70.168.66,2a0d:5600:24:1377::f001
us-nyc-wg-604,us-nyc-wg-socks5-604,us-nyc-wg-socks5-604.relays.mullvad.net:1080,"New York, NY",USA,M247,146.70.171.66,2a0d:5600:24:1372::f001
us-nyc-wg-605,us-nyc-wg-socks5-605,us-nyc-wg-socks5-605.relays.mullvad.net:1080,"New York, NY",USA,M247,146.70.171.130,2a0d:5600:24:1374::f001
us-nyc-wg-606,us-nyc-wg-socks5-606,us-nyc-wg-socks5-606.relays.mullvad.net:1080,"New York, NY",USA,M247,146.70.168.194,2a0d:5600:24:1379::f001
us-nyc-wg-701,us-nyc-wg-socks5-701,us-nyc-wg-socks5-701.relays.mullvad.net:1080,"New York, NY",USA,xtom,23.162.8.3,2602:fa1f:1::f001
us-nyc-wg-702,us-nyc-wg-socks5-702,us-nyc-wg-socks5-702.relays.mullvad.net:1080,"New York, NY",USA,xtom,23.162.8.67,2602:fa1f:1::f033
us-nyc-wg-703,us-nyc-wg-socks5-703,us-nyc-wg-socks5-703.relays.mullvad.net:1080,"New York, NY",USA,xtom,23.162.8.130,2602:fa1f:1:3::f001
us-nyc-wg-801,us-nyc-wg-socks5-801,us-nyc-wg-socks5-801.relays.mullvad.net:1080,"New York, NY",USA,Tzulo,23.234.100.3,2607:9000:a000:31::f001
us-nyc-wg-802,us-nyc-wg-socks5-802,us-nyc-wg-socks5-802.relays.mullvad.net:1080,"New York, NY",USA,Tzulo,23.234.100.127,2607:9000:a000:32::f001
us-nyc-wg-803,us-nyc-wg-socks5-803,us-nyc-wg-socks5-803.relays.mullvad.net:1080,"New York, NY",USA,Tzulo,23.234.101.3,2607:9000:a000:33::f001
us-nyc-wg-804,us-nyc-wg-socks5-804,us-nyc-wg-socks5-804.relays.mullvad.net:1080,"New York, NY",USA,Tzulo,23.234.101.127,2607:9000:a000:34::f001
us-nyc-wg-805,us-nyc-wg-socks5-805,us-nyc-wg-socks5-805.relays.mullvad.net:1080,"New York, NY",USA,Tzulo,23.234.102.3,2607:9000:a000:35::f001
us-nyc-wg-806,us-nyc-wg-socks5-806,us-nyc-wg-socks5-806.relays.mullvad.net:1080,"New York, NY",USA,Tzulo,23.234.102.127,2607:9000:a000:36::f001
us-nyc-wg-807,us-nyc-wg-socks5-807,us-nyc-wg-socks5-807.relays.mullvad.net:1080,"New York, NY",USA,Tzulo,23.234.103.3,2607:9000:a000:37::f001
us-nyc-wg-808,us-nyc-wg-socks5-808,us-nyc-wg-socks5-808.relays.mullvad.net:1080,"New York, NY",USA,Tzulo,23.234.103.127,2607:9000:a000:38::f001
us-phx-wg-201,us-phx-wg-socks5-201,us-phx-wg-socks5-201.relays.mullvad.net:1080,"Phoenix, AZ",USA,Tzulo,23.234.88.3,2607:9000:700:41::f001
us-phx-wg-202,us-phx-wg-socks5-202,us-phx-wg-socks5-202.relays.mullvad.net:1080,"Phoenix, AZ",USA,Tzulo,23.234.88.127,2607:9000:700:42::f001
us-phx-wg-203,us-phx-wg-socks5-203,us-phx-wg-socks5-203.relays.mullvad.net:1080,"Phoenix, AZ",USA,Tzulo,23.234.89.3,2607:9000:700:43::f001
us-phx-wg-204,us-phx-wg-socks5-204,us-phx-wg-socks5-204.relays.mullvad.net:1080,"Phoenix, AZ",USA,Tzulo,23.234.89.127,2607:9000:700:44::f001
us-phx-wg-205,us-phx-wg-socks5-205,us-phx-wg-socks5-205.relays.mullvad.net:1080,"Phoenix, AZ",USA,Tzulo,23.234.90.3,2607:9000:700:45::f001
us-phx-wg-206,us-phx-wg-socks5-206,us-phx-wg-socks5-206.relays.mullvad.net:1080,"Phoenix, AZ",USA,Tzulo,23.234.90.127,2607:9000:700:46::f001
us-phx-wg-207,us-phx-wg-socks5-207,us-phx-wg-socks5-207.relays.mullvad.net:1080,"Phoenix, AZ",USA,Tzulo,23.234.91.3,2607:9000:700:47::f001
us-phx-wg-208,us-phx-wg-socks5-208,us-phx-wg-socks5-208.relays.mullvad.net:1080,"Phoenix, AZ",USA,Tzulo,23.234.91.127,2607:9000:700:48::f001
us-rag-wg-201,us-rag-wg-socks5-201,us-rag-wg-socks5-201.relays.mullvad.net:1080,"Raleigh, NC",USA,Tzulo,23.234.76.2,2607:9000:4000:31::f001
us-rag-wg-202,us-rag-wg-socks5-202,us-rag-wg-socks5-202.relays.mullvad.net:1080,"Raleigh, NC",USA,Tzulo,23.234.76.127,2607:9000:4000:32::f001
us-rag-wg-203,us-rag-wg-socks5-203,us-rag-wg-socks5-203.relays.mullvad.net:1080,"Raleigh, NC",USA,Tzulo,23.234.77.2,2607:9000:4000:33::f001
us-rag-wg-204,us-rag-wg-socks5-204,us-rag-wg-socks5-204.relays.mullvad.net:1080,"Raleigh, NC",USA,Tzulo,23.234.77.127,2607:9000:4000:34::f001
us-rag-wg-205,us-rag-wg-socks5-205,us-rag-wg-socks5-205.relays.mullvad.net:1080,"Raleigh, NC",USA,Tzulo,23.234.78.2,2607:9000:4000:35::f001
us-rag-wg-206,us-rag-wg-socks5-206,us-rag-wg-socks5-206.relays.mullvad.net:1080,"Raleigh, NC",USA,Tzulo,23.234.78.127,2607:9000:4000:36::f001
us-rag-wg-207,us-rag-wg-socks5-207,us-rag-wg-socks5-207.relays.mullvad.net:1080,"Raleigh, NC",USA,Tzulo,23.234.79.2,2607:9000:4000:37::f001
us-slc-wg-201,us-slc-wg-socks5-201,us-slc-wg-socks5-201.relays.mullvad.net:1080,"Salt Lake City, UT",USA,100TB,69.4.234.9,2607:fc98:0:8a::f301
us-slc-wg-202,us-slc-wg-socks5-202,us-slc-wg-socks5-202.relays.mullvad.net:1080,"Salt Lake City, UT",USA,100TB,69.4.234.149,2607:fc98:0:8a::f401
us-slc-wg-203,us-slc-wg-socks5-203,us-slc-wg-socks5-203.relays.mullvad.net:1080,"Salt Lake City, UT",USA,100TB,69.4.234.131,2607:fc98:0:8a::f501
us-slc-wg-204,us-slc-wg-socks5-204,us-slc-wg-socks5-204.relays.mullvad.net:1080,"Salt Lake City, UT",USA,100TB,69.4.234.10,2607:fc98:0:8a::f601
us-slc-wg-301,us-slc-wg-socks5-301,us-slc-wg-socks5-301.relays.mullvad.net:1080,"Salt Lake City, UT",USA,Tzulo,23.234.112.3,2607:9000:d00:2::f001
us-slc-wg-302,us-slc-wg-socks5-302,us-slc-wg-socks5-302.relays.mullvad.net:1080,"Salt Lake City, UT",USA,Tzulo,23.234.112.127,2607:9000:d00:3::f001
us-slc-wg-305,us-slc-wg-socks5-305,us-slc-wg-socks5-305.relays.mullvad.net:1080,"Salt Lake City, UT",USA,Tzulo,23.234.114.3,2607:9000:d00:6::f001
us-slc-wg-306,us-slc-wg-socks5-306,us-slc-wg-socks5-306.relays.mullvad.net:1080,"Salt Lake City, UT",USA,Tzulo,23.234.114.127,2607:9000:d00:7::f001
us-slc-wg-307,us-slc-wg-socks5-307,us-slc-wg-socks5-307.relays.mullvad.net:1080,"Salt Lake City, UT",USA,Tzulo,23.234.115.3,2607:9000:d00:8::f001
us-slc-wg-308,us-slc-wg-socks5-308,us-slc-wg-socks5-308.relays.mullvad.net:1080,"Salt Lake City, UT",USA,Tzulo,23.234.115.127,2607:9000:d00:9::f001
us-sjc-wg-302,us-sjc-wg-socks5-302,us-sjc-wg-socks5-302.relays.mullvad.net:1080,"San Jose, CA",USA,xtom,142.147.89.210,2604:e8c0:7::f001
us-sjc-wg-303,us-sjc-wg-socks5-303,us-sjc-wg-socks5-303.relays.mullvad.net:1080,"San Jose, CA",USA,xtom,142.147.89.225,2604:e8c0:7::b68f
us-sjc-wg-401,us-sjc-wg-socks5-401,us-sjc-wg-socks5-401.relays.mullvad.net:1080,"San Jose, CA",USA,DataPacket,79.127.217.34,2a02:6ea0:e611::f001
us-sjc-wg-402,us-sjc-wg-socks5-402,us-sjc-wg-socks5-402.relays.mullvad.net:1080,"San Jose, CA",USA,DataPacket,79.127.217.47,2a02:6ea0:e611:1::f001
us-sjc-wg-501,us-sjc-wg-socks5-501,us-sjc-wg-socks5-501.relays.mullvad.net:1080,"San Jose, CA",USA,Tzulo,23.234.92.3,2607:9000:800:31::f001
us-sjc-wg-502,us-sjc-wg-socks5-502,us-sjc-wg-socks5-502.relays.mullvad.net:1080,"San Jose, CA",USA,Tzulo,23.234.92.127,2607:9000:800:32::f001
us-sjc-wg-503,us-sjc-wg-socks5-503,us-sjc-wg-socks5-503.relays.mullvad.net:1080,"San Jose, CA",USA,Tzulo,23.234.93.3,2607:9000:800:33::f001
us-sjc-wg-504,us-sjc-wg-socks5-504,us-sjc-wg-socks5-504.relays.mullvad.net:1080,"San Jose, CA",USA,Tzulo,23.234.93.127,2607:9000:800:34::f001
us-sjc-wg-505,us-sjc-wg-socks5-505,us-sjc-wg-socks5-505.relays.mullvad.net:1080,"San Jose, CA",USA,Tzulo,23.234.94.3,2607:9000:800:35::f001
us-sjc-wg-506,us-sjc-wg-socks5-506,us-sjc-wg-socks5-506.relays.mullvad.net:1080,"San Jose, CA",USA,Tzulo,23.234.94.127,2607:9000:800:36::f001
us-sjc-wg-507,us-sjc-wg-socks5-507,us-sjc-wg-socks5-507.relays.mullvad.net:1080,"San Jose, CA",USA,Tzulo,23.234.95.3,2607:9000:800:37::f001
us-sjc-wg-508,us-sjc-wg-socks5-508,us-sjc-wg-socks5-508.relays.mullvad.net:1080,"San Jose, CA",USA,Tzulo,23.234.95.127,2607:9000:800:38::f001
us-sea-wg-001,us-sea-wg-socks5-001,us-sea-wg-socks5-001.relays.mullvad.net:1080,"Seattle, WA",USA,DataPacket,138.199.43.91,2a02:6ea0:d80b:3::b75f
us-sea-wg-002,us-sea-wg-socks5-002,us-sea-wg-socks5-002.relays.mullvad.net:1080,"Seattle, WA",USA,DataPacket,138.199.43.78,2a02:6ea0:d80b:2::f001
us-sea-wg-003,us-sea-wg-socks5-003,us-sea-wg-socks5-003.relays.mullvad.net:1080,"Seattle, WA",USA,DataPacket,138.199.43.65,2a02:6ea0:d80b:1::b73f
us-sea-wg-401,us-sea-wg-socks5-401,us-sea-wg-socks5-401.relays.mullvad.net:1080,"Seattle, WA",USA,Tzulo,23.234.80.2,2607:9000:5000:31::f001
us-sea-wg-402,us-sea-wg-socks5-402,us-sea-wg-socks5-402.relays.mullvad.net:1080,"Seattle, WA",USA,Tzulo,23.234.80.127,2607:9000:5000:32::f001
us-sea-wg-403,us-sea-wg-socks5-403,us-sea-wg-socks5-403.relays.mullvad.net:1080,"Seattle, WA",USA,Tzulo,23.234.81.2,2607:9000:5000:33::f001
us-sea-wg-404,us-sea-wg-socks5-404,us-sea-wg-socks5-404.relays.mullvad.net:1080,"Seattle, WA",USA,Tzulo,23.234.81.127,2607:9000:5000:34::f001
us-sea-wg-405,us-sea-wg-socks5-405,us-sea-wg-socks5-405.relays.mullvad.net:1080,"Seattle, WA",USA,Tzulo,23.234.82.2,2607:9000:5000:35::f001
us-sea-wg-406,us-sea-wg-socks5-406,us-sea-wg-socks5-406.relays.mullvad.net:1080,"Seattle, WA",USA,Tzulo,23.234.82.127,2607:9000:5000:36::f001
us-sea-wg-407,us-sea-wg-socks5-407,us-sea-wg-socks5-407.relays.mullvad.net:1080,"Seattle, WA",USA,Tzulo,23.234.83.2,2607:9000:5000:37::f001
us-sea-wg-408,us-sea-wg-socks5-408,us-sea-wg-socks5-408.relays.mullvad.net:1080,"Seattle, WA",USA,Tzulo,23.234.83.127,2607:9000:5000:38::f001
us-uyk-wg-201,us-uyk-wg-socks5-201,us-uyk-wg-socks5-201.relays.mullvad.net:1080,"Secaucus, NJ",USA,HostRoyale,104.36.50.3,2a06:3040:22:620::f001
us-uyk-wg-202,us-uyk-wg-socks5-202,us-uyk-wg-socks5-202.relays.mullvad.net:1080,"Secaucus, NJ",USA,HostRoyale,104.36.50.33,2a06:3040:22:620::f101
us-was-wg-001,us-was-wg-socks5-001,us-was-wg-socks5-001.relays.mullvad.net:1080,Washington DC,USA,Zenlayer,185.213.193.3,2604:980:1002:11::f001
us-was-wg-002,us-was-wg-socks5-002,us-was-wg-socks5-002.relays.mullvad.net:1080,Washington DC,USA,Zenlayer,185.213.193.127,2604:980:1002:11::f101
